first_name,email,phone,customer_id,last_name,password,country
Charin,cbeecraft0@patch.com,+7 832 618 4134,1,Beecraft,kF4/MCr*mTAD53),Russia
Ines,iketcher1@bandcamp.com,+55 857 310 3530,2,Ketcher,dT6|QWw7CIHP,Brazil
Zebedee,zwinham2@stanford.edu,+66 244 631 4288,3,Winham,rK9~3~/n&vw,Thailand
Cory,crosewell3@creativecommons.org,+86 217 164 9537,4,Rosewell,aZ6}frx/f!'!,China
Glyn,gkerry4@omniture.com,+63 158 677 0167,5,Kerry,wT4!1$R},Philippines
Noby,ncottell5@trellian.com,+51 277 915 8233,6,Cottell,"iX2(d'M{RyFD,y}",Peru
Kristoffer,ktrew6@ehow.com,+62 693 825 0671,7,Trew,gG3(3581x7ElHf,Indonesia
Davis,dflockhart7@hp.com,+55 376 769 0475,8,Flockhart,nM4*sih%2a(=w,Brazil
Sanderson,sbewsey8@edublogs.org,+98 891 442 8914,9,Bewsey,kA6/E~bUb*gZ}dM,Iran
Butch,bwaby9@163.com,+55 482 145 6452,10,Waby,zK6/w.i=9|A,Brazil
Lauren,lmembrya@cnbc.com,+86 873 834 8285,11,Membry,wH5!\hk.tr&e,China
Elaina,esesonb@mit.edu,+81 180 869 3461,12,Seson,wK2$g8=}txHTUV,Japan
Perl,pdoggrellc@tripadvisor.com,+52 787 627 1912,13,Doggrell,aN9=1iM`,Mexico
Archambault,afotittd@springer.com,+63 414 817 7658,14,Fotitt,dC9}.c?$fr,Philippines
Fransisco,fbrothertone@wunderground.com,+505 321 577 6932,15,Brotherton,mS9{x*&\1,Nicaragua
Alyosha,anolif@webnode.com,+86 618 455 4735,16,Noli,"jJ3""iI7ie",China
Pearline,pindeg@oracle.com,+51 679 409 2538,17,Inde,"yY7~2Bz""{6",Peru
Trina,tduignanh@nbcnews.com,+86 845 499 2234,18,Duignan,"pC7}h\YHu""&i",China
Kincaid,klammertzi@cargocollective.com,+1 514 120 2754,19,Lammertz,qT0~&\?fo,Canada
Tricia,thallowayj@parallels.com,+86 920 647 8287,20,Halloway,cE1|1*&1+JG,China
Ariadne,abarochk@ezinearticles.com,+46 601 351 8981,21,Baroch,"zB3.B""$L5E7rV8h",Sweden
Maure,mpaternol@phpbb.com,+55 144 899 3186,22,Paterno,dP5&**~?li2'K,Brazil
Chrissie,cblowingm@irs.gov,+1 313 336 0985,23,Blowing,lM1=&J7b2#r*!VW,United States
Barnabe,bdewolfen@jimdo.com,+7 146 786 9969,24,De Wolfe,"bA0{!y(AOv_}{""",Russia
Faina,fbearneo@baidu.com,+86 635 847 6224,25,Bearne,yJ7/~t$(6hkdNa,China
Tate,tboatep@homestead.com,+374 911 779 1518,26,Boate,qP5#.()SVP,Armenia
Shannah,scaldayrouq@people.com.cn,+976 893 800 0469,27,Caldayrou,rT5#bAW{eXz#NW4U,Mongolia
Shandra,sdwyerr@archive.org,+55 529 176 5668,28,Dwyer,hM1/+!rDe&|8{Cg8,Brazil
Lacee,lmcglauds@taobao.com,+66 649 344 6313,29,McGlaud,xQ6*<mn*(IlFkNH,Thailand
Isidora,irunciet@woothemes.com,+57 627 653 2791,30,Runcie,fY7&ZUvm,Colombia
Timi,tvondrysu@wp.com,+7 373 929 3337,31,Vondrys,fR9($F)pn,Russia
Elberta,eswaislandv@apache.org,+81 521 316 1168,32,Swaisland,wJ4&Vw/H)1|w+\Ol,Japan
Susannah,sbodemeaidw@flickr.com,+84 836 175 6175,33,Bodemeaid,"lB6\o?zp""C/c_",Vietnam
Basia,bkermathx@jiathis.com,+63 398 972 0455,34,Kermath,fS7?yovE#5dD.,Philippines
Gabriella,gbyfordy@dion.ne.jp,+20 742 142 0562,35,Byford,xX1@aNLAa<<P8fl7,Egypt
Nesta,nplewesz@163.com,+62 187 414 7622,36,Plewes,"cU8_64II.T6""<DF",Indonesia
Shaylynn,sdaggett10@discovery.com,+380 572 377 7974,37,Daggett,"cB7_h$3qdD""1",Ukraine
Raynor,rswainston11@typepad.com,+86 521 203 1769,38,Swainston,"oJ5!+""4KAk",China
Hughie,hjohantges12@4shared.com,+81 682 703 0539,39,Johantges,fY7*1lIYN,Japan
Guthrey,gjoret13@usda.gov,+597 748 623 4747,40,Joret,iI6.DaZb3S*~,Suriname
Wilfred,wdepero14@nbcnews.com,+385 136 838 4635,41,De Pero,"lJ2|,o6rGQ!M5X0",Croatia
Mel,memanuelov15@digg.com,+27 148 184 9331,42,Emanuelov,uU9}}eN1kv7K2,South Africa
Evyn,ebundock16@gnu.org,+1 667 434 5086,43,Bundock,wX1_RH*1h{,Saint Kitts and Nevis
Mabelle,mbushell17@disqus.com,+55 789 966 4935,44,Bushell,"gD8@IL%""XBLft",Brazil
Filberto,fducker18@apple.com,+86 941 222 2712,45,Ducker,iZ2|!#(JiN{A,China
Preston,pduhig19@admin.ch,+502 168 688 3389,46,Duhig,"qZ4,w0b5$q3%",Guatemala
Mariana,mgrubbe1a@cdbaby.com,+86 693 357 4621,47,Grubbe,xK0`U70OC9u},China
Gerri,gpatria1b@de.vu,+60 381 736 6082,48,Patria,mY2~BuCipBcrfdZM,Malaysia
Juieta,jtrengrove1c@tumblr.com,+86 610 928 5963,49,Trengrove,fS3'`t8L'|dJ,China
Heath,hkeilloh1d@woothemes.com,+1 858 436 4336,50,Keilloh,lD3(TG_4yU5trk,Canada
Ferris,fvassman1e@discuz.net,+358 649 660 6859,51,Vassman,"dU5{{g,Sc",Finland
Farrel,fwinsor1f@bing.com,+51 541 301 7401,52,Winsor,xE7*TYM5EO}qc_,Peru
Barry,bsmoote1g@rediff.com,+233 134 836 8773,53,Smoote,wE4$ppf9,Ghana
Rancell,rtipper1h@oracle.com,+992 731 866 3267,54,Tipper,"nG2)Y`KL6""3jF",Tajikistan
Cchaddie,cwabersinke1i@ucoz.com,+49 605 703 0406,55,Wabersinke,dA1?'kfq,Germany
Todd,tcrawforth1j@jimdo.com,+86 963 199 9383,56,Crawforth,"zA4,re`/4",China
Jewel,jhallbord1k@devhub.com,+86 456 734 3885,57,Hallbord,yD0$3`>!ME>/lfXk,China
Anallise,aferby1l@instagram.com,+62 373 828 0079,58,Ferby,"xZ6""GA4Wl*8'W+3,",Indonesia
Vassili,verangy1m@goo.gl,+48 296 708 5613,59,Erangy,aQ8@A2rj*`G`K,Poland
Cesare,cstiller1n@mozilla.org,+962 393 114 2382,60,Stiller,hA7_k_mfRMTI.)Z`,Jordan
Coralie,cengledow1o@baidu.com,+55 839 508 6858,61,Engledow,cL0=9+NU},Brazil
Theadora,tgwilt1p@diigo.com,+30 855 870 9412,62,Gwilt,uV3`bz4bG>M,Greece
Karalynn,kdearell1q@ucoz.com,+53 925 952 5410,63,Dearell,fE4}9UwmaY`9C,Cuba
Charmain,csandham1r@vistaprint.com,+57 153 477 1074,64,Sandham,"bV3|k?8hF6""O",Colombia
Avrom,anansom1s@studiopress.com,+48 781 750 8480,65,Nansom,nP2%vLsy,Poland
Web,wanfosso1t@ucoz.com,+351 663 770 9331,66,Anfosso,"cR8*%NeDeh""",Portugal
Fulton,fdreng1u@fda.gov,+86 484 597 7561,67,Dreng,pT7).?b`2,China
Nert,nolenin1v@nifty.com,+55 346 699 3705,68,Olenin,yJ7@D?K4AEQZ71e9,Brazil
Stevie,svautin1w@irs.gov,+86 307 789 9259,69,Vautin,"iI7}ex,i",China
Mariquilla,moffell1x@pen.io,+86 165 778 8679,70,Offell,"eS6""dK((zI!\*",China
Kellen,kcarrack1y@hexun.com,+970 688 674 2475,71,Carrack,"kJ4,V?{\j`5VLQr",Palestinian Territory
Kristo,kletty1z@youtube.com,+7 265 663 9710,72,Letty,zD8|RKed74`,Russia
Yoshi,ybalcon20@dion.ne.jp,+86 878 808 9034,73,Balcon,xA6!ufzi88k(k(,China
Willem,wpetrou21@zimbio.com,+351 381 191 6265,74,Petrou,rM8/M$dV`?S,Portugal
Olenka,ostanislaw22@google.it,+52 243 574 8623,75,Stanislaw,kO0<Hb)XV0n`,Mexico
Josselyn,jhoulton23@sun.com,+351 134 686 9031,76,Houlton,iU8?y=<jH*D89ket,Portugal
Eleonora,eritchley24@opera.com,+255 698 560 5729,77,Ritchley,vM0/#dyoh,Tanzania
Hollis,hhutsby25@newyorker.com,+420 699 993 7291,78,Hutsby,"bZ1\*NXg7,UXr`}",Czech Republic
Deina,dharty26@imgur.com,+63 649 167 4340,79,Harty,uP1$K}PHe#2SAE8,Philippines
Bekki,bcroizier27@loc.gov,+57 854 277 6555,80,Croizier,mY6?cd{sew,Colombia
Leroy,lregina28@hao123.com,+7 797 304 7518,81,Regina,hU7?faW{zv>7u7(,Russia
Deana,dwolfer29@cpanel.net,+46 589 394 5791,82,Wolfer,cX9@5#$!Pe*&`j0@,Sweden
Isacco,icarillo2a@dmoz.org,+63 224 295 0628,83,Carillo,iR6'TsRRPt,Philippines
Gareth,godcroft2b@odnoklassniki.ru,+62 413 868 6092,84,Odcroft,vX8|3~`2UM,Indonesia
Waylen,wmachoste2c@alibaba.com,+62 724 641 9297,85,MacHoste,hT2=mctuO,Indonesia
Sergei,spittwood2d@cisco.com,+57 174 976 7201,86,Pittwood,oF7@P>.r@,Colombia
Eddie,edanniell2e@reddit.com,+81 977 227 8912,87,Danniell,eP2_C!s5AkpH%c+,Japan
King,kpickover2f@wufoo.com,+62 924 820 0272,88,Pickover,zL3=x@ha|nJdNA4q,Indonesia
Jorie,jpiggins2g@shinystat.com,+970 482 660 7264,89,Piggins,rT3?JjN/6Cb},Palestinian Territory
Eli,eheath2h@ning.com,+33 159 397 4723,90,Heath,bX7/r%&!JnD%u,France
Brandon,beltun2i@g.co,+7 304 937 8011,91,Eltun,tX6&O(/9gR,Russia
Poppy,pgonnet2j@sohu.com,+420 652 267 0765,92,Gonnet,dA2'k5=N+,Czech Republic
Dallas,dtomkin2k@twitpic.com,+92 433 656 0820,93,Tomkin,sI9\|pLn1#,Pakistan
Frasquito,ffolli2l@google.com.au,+46 864 254 5491,94,Folli,"cJ7}m74""68(p(n3",Sweden
Patience,pstaniforth2m@nytimes.com,+7 138 522 7465,95,Staniforth,hO7\K'er>q<,Russia
Kennith,kvauls2n@feedburner.com,+46 967 409 9451,96,Vauls,hR1>H}`S+c&9\Wcd,Sweden
Abramo,asothcott2o@mit.edu,+34 287 693 3388,97,Sothcott,qE4/)kQZe`.0,Spain
Cammy,cwooland2p@dot.gov,+212 687 142 6158,98,Wooland,"oK1""nO=\iVux!_\",Morocco
Adelice,abusek2q@addthis.com,+351 353 135 0553,99,Busek,eE2_eT5M(!GlMOs,Portugal
Merrill,mmelendez2r@tmall.com,+62 173 585 6787,100,Melendez,yZ7=Dx>u/Je`dn,Indonesia
Daffi,dbougen2s@ucsd.edu,+66 731 625 1578,101,Bougen,wS9\UH#P.pAR,Thailand
Loni,lcamoletto2t@facebook.com,+62 795 105 8289,102,Camoletto,"nF4.w,""zH#",Indonesia
Oralle,ovanvelde2u@over-blog.com,+62 268 332 8141,103,Van Velde,kF8%v6z=wHNACOET,Indonesia
Kacy,kgiffkins2v@reuters.com,+389 723 682 0551,104,Giffkins,xM4'j}ys%80@bE,Macedonia
June,jsaphin2w@e-recht24.de,+36 512 166 9848,105,Saphin,uA6*9e9*.{(bD6,Hungary
Kinnie,kcavendish2x@trellian.com,+687 481 156 1487,106,Cavendish,hV3(T~w%m&Y}{,New Caledonia
Zerk,zmonro2y@indiegogo.com,+7 484 598 1123,107,Monro,fI6*IOU.,Russia
Kennedy,kpirdy2z@aboutads.info,+359 621 919 6217,108,Pirdy,qH4_2pJ|.T}s,Bulgaria
Nydia,ncoleby30@bbb.org,+62 590 864 0078,109,Coleby,nW4~JTa.VKE{!V'Z,Indonesia
Francklin,faslen31@ycombinator.com,+242 260 212 2401,110,Aslen,"qG1/T""LG}rsEP",Democratic Republic of the Congo
Missy,mtunnoch32@list-manage.com,+66 356 969 4980,111,Tunnoch,oN4_0X}PpZm|J@,Thailand
Nita,nabramovitz33@netvibes.com,+86 846 926 4854,112,Abramovitz,cK8+|4EEw}r,China
Fielding,fgoodsell34@addtoany.com,+46 645 358 1047,113,Goodsell,hN2|sn|*j|#,Sweden
Andris,agreenlees35@jalbum.net,+1 719 370 9740,114,Greenlees,uX6(jq#U9P)5<8=0,United States
Zenia,zhutchison36@google.fr,+64 380 744 6815,115,Hutchison,"nB0,Z|mRF,4",New Zealand
Guilbert,gwhyte37@purevolume.com,+220 316 296 1376,116,Whyte,oY7#.@mE$?N,Gambia
Desmond,dbonnick38@elegantthemes.com,+45 929 491 4268,117,Bonnick,tR1#ph+r~,Denmark
Brunhilde,bdesesquelle39@moonfruit.com,+86 449 641 8301,118,Desesquelle,"qM4,bN1~wh",China
Fonz,ffoulis3a@unc.edu,+86 192 637 3934,119,Foulis,xN6)+j&%5Eg#,China
Geri,gdunbobin3b@unblog.fr,+48 981 344 7841,120,Dunbobin,fP6*I\Dxe,Poland
Jermaine,jsibly3c@shop-pro.jp,+63 578 489 0768,121,Sibly,tN2&$6Pu#,Philippines
Kory,kscase3d@biglobe.ne.jp,+48 553 437 1893,122,Scase,nQ5&Uhsbl_D3mG\y,Poland
Llewellyn,lmates3e@squidoo.com,+48 704 110 6060,123,Mates,"oQ5/5md3k8,",Poland
Lucia,lllop3f@nsw.gov.au,+381 480 859 4508,124,Llop,wN7?bxxz%Yc,Serbia
Hattie,hlukins3g@ucsd.edu,+420 432 110 4029,125,Lukins,"sN7*""KNVF""v1eW",Czech Republic
Dahlia,dlumby3h@salon.com,+62 399 681 2415,126,Lumby,uK6_H*&}If/,Indonesia
Jard,jlaval3i@howstuffworks.com,+1 559 265 0910,127,Laval,oC0>eHe0V,United States
Eugen,emccoughan3j@si.edu,+48 446 302 8833,128,McCoughan,oL3!R3F2,Poland
Anitra,abains3k@yellowbook.com,+880 266 513 1678,129,Bains,bC8>'cw6xmEC%'*,Bangladesh
Tanya,tbuckler3l@eepurl.com,+86 340 365 6159,130,Buckler,wW9>D~X`@v,China
Ginger,ggallyon3m@domainmarket.com,+86 152 920 5163,131,Gallyon,jU4|gn8KAU<6',China
Sherwood,stydd3n@a8.net,+502 499 169 4805,132,Tydd,gQ4(eGO<#ez5IgBp,Guatemala
Ella,efranssen3o@slideshare.net,+62 619 599 6312,133,Franssen,sI8)_NJ\*=<O,Indonesia
Antoinette,apendlenton3p@free.fr,+351 621 824 6906,134,Pendlenton,gZ3$bH'h#iv$/_,Portugal
Milty,mkabsch3q@delicious.com,+86 213 304 5387,135,Kabsch,"xF7""OQxz4",China
Norina,nronnay3r@slate.com,+51 500 444 3582,136,Ronnay,fV4+?}Ot~n|D\BWH,Peru
Maye,mtittershill3s@ca.gov,+263 662 887 7511,137,Tittershill,"eW8~=x@Ty6,sI",Zimbabwe
Reeba,rbougourd3t@earthlink.net,+46 581 207 1182,138,Bougourd,"iA9,)b.23oMfOg1",Sweden
Zachary,zjoskovitch3u@macromedia.com,+7 347 438 0543,139,Joskovitch,rT4)(J5Y/hqJ%P,Russia
Mohammed,mgoodhand3v@photobucket.com,+86 153 209 4494,140,Goodhand,"vM8)Aq`oD{""!7I#",China
Akim,aladbrook3w@newyorker.com,+62 909 741 8596,141,Ladbrook,jE6}c9%@,Indonesia
Blayne,bbalam3x@microsoft.com,+973 665 281 7885,142,Balam,dV1)|oDU,Bahrain
Dawna,dskoggins3y@ca.gov,+84 180 832 2068,143,Skoggins,hG3.\*5)SIv\/S.,Vietnam
Flossy,fhymus3z@gov.uk,+86 200 929 7134,144,Hymus,oL1_cgZQKz@js40L,China
Ada,arutherforth40@dagondesign.com,+86 927 636 0751,145,Rutherforth,"fG6,""/T@`J",China
Pooh,pmcallan41@dmoz.org,+33 397 714 7732,146,McAllan,zJ5}2C}0!8NLV|r,France
Andris,afritz42@phpbb.com,+63 341 138 9490,147,Fritz,rN3?!dNCf#'FBwkm,Philippines
Charmine,csimo43@liveinternet.ru,+380 441 948 1232,148,Simo,qA2*\CAq62VVTEAG,Ukraine
Micky,mastill44@google.de,+7 486 888 9950,149,Astill,eH3#A2CQ#~T89l>,Russia
Quintus,qrittmeier45@weather.com,+358 159 378 3107,150,Rittmeier,pD9|}u(wbBr/\@,Finland
Elna,ephibb46@microsoft.com,+86 678 763 6606,151,Phibb,fX1>'6*bm,China
Liuka,lswithenby47@bing.com,+62 881 439 2480,152,Swithenby,xX2(R=iRnhHS+,Indonesia
Isahella,isteanson48@oaic.gov.au,+30 518 996 9044,153,Steanson,"qG7!8,J%_",Greece
Lon,lwasbey49@surveymonkey.com,+54 685 559 7092,154,Wasbey,"dZ5|""639UjOBcOp",Argentina
Larine,lemmott4a@chron.com,+86 977 267 7326,155,Emmott,"tX0*wy,{T",China
Isidoro,ipenchen4b@flickr.com,+63 352 105 0548,156,Penchen,iR3~)q1p|U>If,Philippines
Melvin,mhurlston4c@latimes.com,+852 580 706 3725,157,Hurlston,"wQ4>B.""*PT!B",Hong Kong
Russell,rsmoughton4d@tripod.com,+98 724 101 6877,158,Smoughton,jD0?)Tcw~bP{a,Iran
Isaac,iharwood4e@amazon.co.jp,+62 618 881 7705,159,Harwood,"bZ7}z,Y~ub5lMJ",Indonesia
Valerye,vchilds4f@fastcompany.com,+62 688 135 8377,160,Childs,yF8@sr?L+80,Indonesia
Rosabella,rrenault4g@hao123.com,+86 431 608 5002,161,Renault,mI7+l!RtaPzEa0(?,China
Darius,deaves4h@skype.com,+86 128 526 0620,162,Eaves,uL6#?tp/*H,China
Yasmeen,yfernihough4i@cyberchimps.com,+7 209 728 5828,163,Fernihough,"hU6,X=5o*\T4exc|",Russia
Melicent,mbrenton4j@amazon.co.uk,+63 772 319 6684,164,Brenton,iG8/w|\dy,Philippines
Diannne,dfairlie4k@fema.gov,+33 654 251 9178,165,Fairlie,"dS6=5""toIy4Edo",France
Udall,uendecott4l@gnu.org,+86 262 355 5506,166,Endecott,bS3$b6s5wZH,China
Guntar,gzienkiewicz4m@unicef.org,+502 915 577 4735,167,Zienkiewicz,nV8&PbudAF8RY9U,Guatemala
Sheila,sdallaghan4n@engadget.com,+20 198 669 1526,168,Dallaghan,hS4#Sb5U$.R0(H,Egypt
Tadeo,thazeldene4o@go.com,+856 661 945 6101,169,Hazeldene,xI2'r6RAH/va,Laos
Stanleigh,ssimmon4p@mayoclinic.com,+62 890 472 5993,170,Simmon,kQ5{zM>B,Indonesia
Delora,dfaithorn4q@bizjournals.com,+420 591 527 8040,171,Faithorn,kU1+@i>k>>>qtG,Czech Republic
Edee,ebulpitt4r@state.gov,+62 338 491 4756,172,Bulpitt,sG7_RQ~z~|3`ds$,Indonesia
Morry,mbremmell4s@wisc.edu,+504 674 638 2967,173,Bremmell,eH7\()h+V{Qz,Honduras
Feodor,fherrieven4t@pbs.org,+86 143 771 9320,174,Herrieven,rE7+MScxIy*)F,China
Lorri,lalexandre4u@china.com.cn,+1 816 353 8300,175,Alexandre,yP9)E4/4/fWOTfk!,United States
Rosamund,rfieldsend4v@dmoz.org,+84 566 778 8991,176,Fieldsend,zE5$W2Q0,Vietnam
Brianne,bmclafferty4w@yelp.com,+34 200 975 7002,177,McLafferty,"jP0,2k!#@",Spain
Chiquia,chalegarth4x@stumbleupon.com,+49 765 186 7814,178,Halegarth,"uG9""8C@Lr2fCf6k3",Germany
Pauly,pshrubshall4y@boston.com,+351 985 814 7440,179,Shrubshall,kI3#Z'SV,Portugal
Giacinta,gwall4z@jugem.jp,+355 400 518 5190,180,Wall,uQ3>xFkE>,Albania
Sonnnie,ssatch50@china.com.cn,+63 708 516 9342,181,Satch,lG3<fh0cB8,Philippines
Kattie,kheindrick51@youtu.be,+86 636 947 5161,182,Heindrick,vL7'$}yN#5NB&/%~,China
Margret,mfleming52@123-reg.co.uk,+86 268 258 1764,183,Fleming,"bL5'q7E,ys)Cr.Q*",China
Estell,eiltchev53@comsenz.com,+86 866 726 1442,184,Iltchev,"uJ4,Z@35QzB7",China
Martino,mambrogio54@ifeng.com,+86 970 541 7881,185,Ambrogio,mC6~ge%XT#**0fY>,China
Felecia,fwaddoups55@miitbeian.gov.cn,+66 797 607 9172,186,Waddoups,fA4~xfE'f_q3$,Thailand
Kerk,kwolters56@samsung.com,+260 435 939 6572,187,Wolters,bM8~#0n(UL`,Zambia
Ester,evaneeden57@moonfruit.com,+98 774 108 4981,188,Van Eeden,qQ7?B~??&,Iran
Katalin,kambrosi58@slate.com,+63 405 310 7435,189,Ambrosi,vV8#nP=#c9wQ0#O,Philippines
Karel,kwillcocks59@plala.or.jp,+63 383 872 9532,190,Willcocks,"qE1.R_""X*|!",Philippines
Star,sflavelle5a@geocities.jp,+86 822 180 3011,191,Flavelle,mP9{Rtl6021H&,China
Shelagh,sogrady5b@phoca.cz,+381 197 227 5099,192,O'Grady,sN5)D5Q/K,Serbia
Ives,isergant5c@globo.com,+54 354 595 0967,193,Sergant,uQ8|=qh1x1d5`,Argentina
Norrie,nparadin5d@nationalgeographic.com,+62 474 890 6103,194,Paradin,kN2?gCduQfbQ3sS,Indonesia
Harvey,hlackey5e@blogtalkradio.com,+7 811 813 3052,195,Lackey,"gO9$A,|v",Russia
Stephani,sspeeks5f@homestead.com,+54 190 427 9112,196,Speeks,xP6`tQm0,Argentina
Benita,bnelson5g@cdc.gov,+234 669 582 5509,197,Nelson,vW1$4gM_ww6,Nigeria
Crystie,cpolack5h@virginia.edu,+48 911 481 6784,198,Polack,lI0(&J).,Poland
Betsy,bondricek5i@zimbio.com,+86 195 892 6220,199,Ondricek,fB9&<xfd&>I|_QL,China
Dud,dloiterton5j@moonfruit.com,+62 734 273 5473,200,Loiterton,kL5{8$jA,Indonesia
Olivia,oburnhams5k@aboutads.info,+1 627 951 6528,201,Burnhams,vP3(m?x_h5G5\,Canada
Cherri,cbasil5l@addtoany.com,+358 280 417 3540,202,Basil,qH1=?}FyN8iJ+,Finland
Jeremie,jjerams5m@nytimes.com,+62 745 397 1721,203,Jerams,"uQ2(\J""h0Z4=)MDI",Indonesia
Elysee,eillyes5n@bing.com,+86 592 127 9318,204,Illyes,pG1*R?\j,China
Clarinda,clesser5o@fastcompany.com,+86 169 353 6679,205,Lesser,"tF9(p.n=60~Dv=\,",China
Dougy,dridout5p@printfriendly.com,+48 766 654 7244,206,Ridout,"eU0~j""4%Yzgky",Poland
Casper,ctrevallion5q@huffingtonpost.com,+7 688 935 6019,207,Trevallion,qS3\+3mtv`YaRM,Russia
Mead,mbarhams5r@etsy.com,+86 561 554 8131,208,Barhams,bM1`*#oIeDL,China
Phelia,parnald5s@bloglines.com,+60 363 847 8617,209,Arnald,"hZ5~y=J(UYs=,{",Malaysia
Shae,sgoodswen5t@mapquest.com,+33 806 949 5003,210,Goodswen,bV5(If<t7=N7,France
Geoff,gfairbourne5u@t.co,+30 876 685 8214,211,Fairbourne,fW9)RDsOT6w,Greece
Jabez,jsames5v@reference.com,+7 187 203 1775,212,Sames,rN3`&Ob?bd,Russia
Una,ucobb5w@imgur.com,+86 339 333 2150,213,Cobb,iH8_lfCN$C@d+tdg,China
Moise,mjoel5x@google.pl,+39 523 168 6394,214,Joel,vC4>zFKY,Italy
Jerrine,jdelaeglise5y@cdc.gov,+47 501 353 2054,215,De la Eglise,xV2(.Olwb=!|,Norway
Katina,kondrusek5z@t.co,+7 160 817 5471,216,Ondrusek,"jT9,$Yra?.@Q",Russia
Quincey,qbaines60@wix.com,+255 152 846 3768,217,Baines,"gU8&""KPaD",Tanzania
Tedman,tkhrishtafovich61@unesco.org,+299 406 512 9026,218,Khrishtafovich,"rZ7,rruN>z0K",Greenland
Cole,clytton62@facebook.com,+86 844 764 8086,219,Lytton,eX0|?yA2M,China
Pauline,pgoodinson63@canalblog.com,+86 351 542 4389,220,Goodinson,kN6@9pC0jBKn,China
Genny,grikkard64@opera.com,+46 770 534 3245,221,Rikkard,nX8~hvv.\q(#Dr,Sweden
Toinette,tordemann65@si.edu,+86 489 159 5237,222,Ordemann,"rT3>MYp)'e""Fd",China
Hannah,hpfeffer66@smugmug.com,+86 473 282 2806,223,Pfeffer,sU4/v<sDP{Xh,China
Ajay,alinster67@buzzfeed.com,+86 374 853 4596,224,Linster,xE1<162Nj*0,China
Yolanda,ylefridge68@google.com.hk,+30 166 896 3329,225,Lefridge,jZ6`/+TnP,Greece
Elga,emaghull69@addtoany.com,+48 161 319 1524,226,Maghull,"cQ8<32E,7RQX&*",Poland
Reinaldo,rpeekevout6a@tripadvisor.com,+371 861 941 1969,227,Peeke-Vout,wA2#@5{GG,Latvia
Marne,mfarley6b@prlog.org,+30 334 405 8072,228,Farley,"cZ5`m""!*d`v*z&9`",Greece
Ludovico,lhave6c@seesaa.net,+62 381 651 5449,229,Have,"zR8%C""qN,I",Indonesia
Dorothy,dlugg6d@ask.com,+57 806 535 0910,230,Lugg,kB5$O|!oL+gqck,Colombia
Silvana,schesshire6e@java.com,+351 163 581 5973,231,Chesshire,yB6?x)Qp/UD3,Portugal
Frederique,fburdon6f@angelfire.com,+86 294 605 7657,232,Burdon,"fT4,#g&0",China
Catina,cslark6g@unesco.org,+351 328 540 3827,233,Slark,"hH5\?9V.$2,Q)",Portugal
Fielding,fvedyasov6h@geocities.jp,+98 245 827 2653,234,Vedyasov,oJ9~O=pn(Z,Iran
Berri,bpopplestone6i@huffingtonpost.com,+420 391 374 6598,235,Popplestone,xW4.xJ5kD$9,Czech Republic
Estell,eeye6j@techcrunch.com,+62 211 924 8601,236,Eye,"xE1""lakyL+A6",Indonesia
Amargo,apumfrey6k@intel.com,+86 615 507 4238,237,Pumfrey,eT0$OthdDQQvMupW,China
Nye,nmengo6l@php.net,+962 292 167 6044,238,Mengo,sQ6`%&_{FF_hPx,Jordan
Ashia,asurby6m@nydailynews.com,+27 352 562 9963,239,Surby,sN6&'JNuNjCH7e,South Africa
Marie,mwoodley6n@bloglovin.com,+351 741 424 2437,240,Woodley,"zS8&6TmwL""PlIsuA",Portugal
Laney,ldisney6o@shutterfly.com,+504 406 666 2449,241,Disney,xU1/)OS?!)TD,Honduras
Kurt,kdowdeswell6p@oaic.gov.au,+62 550 543 5920,242,Dowdeswell,bF2#kVH'mCo2,Indonesia
Alaric,aslamaker6q@theglobeandmail.com,+972 276 737 6107,243,Slamaker,"uW6""RlApSjf9v",Israel
Bree,ballpress6r@imageshack.us,+86 329 610 9628,244,Allpress,uO2/W3o/q,China
Miran,mliebermann6s@furl.net,+505 726 439 5134,245,Liebermann,fI1!fJiV,Nicaragua
Andree,aludye6t@google.com.hk,+86 995 229 5436,246,Ludye,lN5<3}9yWZWuW?n,China
Thaddus,thannabuss6u@altervista.org,+220 344 464 3360,247,Hannabuss,lT9=2uB>cr?t8I,Gambia
Minda,masher6v@1und1.de,+1 608 521 9551,248,Asher,gA1%m??%\zs0=xj%,United States
Lauren,lathowe6w@cnet.com,+880 805 502 8313,249,Athowe,oY1}lP}T#Z$7I,Bangladesh
Orton,onoriega6x@jugem.jp,+380 341 833 5770,250,Noriega,lT4.!m?nIh3J,Ukraine
Mischa,mmasham6y@discovery.com,+86 356 450 3225,251,Masham,uX3}Cv5St,China
Lionello,lmacpaik6z@delicious.com,+94 441 481 1161,252,MacPaik,wO4.=R#>X*W~wn_,Sri Lanka
Margeaux,mwesson70@merriam-webster.com,+63 835 861 1320,253,Wesson,yP3)1'V_)Atc/8,Philippines
Fredi,fleadbeatter71@loc.gov,+63 883 393 5146,254,Leadbeatter,vF5=wDD=o,Philippines
Fedora,fkirk72@bloglovin.com,+86 682 519 0373,255,Kirk,pT6&g~GNeJAvH7`,China
Curt,cbilbey73@techcrunch.com,+86 651 556 0898,256,Bilbey,"iV9,N5qhDc!*\Ft""",China
Hirsch,hdominique74@ucla.edu,+47 835 965 0177,257,Dominique,"xR2+v}=Wx,O",Norway
Templeton,tchivrall75@sitemeter.com,+62 380 761 3515,258,Chivrall,xI3%i<a+w94DMy,Indonesia
Melosa,mtunnoch76@census.gov,+1 360 358 5203,259,Tunnoch,sT0_`%Tpu2d,United States
Galina,gtribe77@reuters.com,+86 468 633 3164,260,Tribe,xB5/_\pN00qLr,China
Dalenna,dskittles78@youtu.be,+62 399 507 1593,261,Skittles,jH7~FjgOl@soWUT\,Indonesia
Richmound,rantuoni79@mit.edu,+62 133 230 0067,262,Antuoni,iH4(OVldnXg*K,Indonesia
Clarke,clockney7a@xinhuanet.com,+7 823 824 4864,263,Lockney,lX8(3TUpJr1W,Russia
Trixi,tflag7b@arizona.edu,+54 941 462 3142,264,Flag,gD4.1rgZK#S,Argentina
Dennison,dgarm7c@dagondesign.com,+86 820 915 3360,265,Garm,sR4{W%et,China
Timothy,tgoldberg7d@hp.com,+86 387 411 4109,266,Goldberg,qC0~nubBQ9',China
Ursula,uwillatts7e@simplemachines.org,+60 989 629 9386,267,Willatts,gY0@kKcrB@n!fj,Malaysia
Barnabe,boronan7f@google.pl,+7 612 697 0392,268,O' Ronan,tP3{bi8KEX99fjT,Russia
Shepherd,sbogges7g@indiatimes.com,+58 243 882 5187,269,Bogges,pI3<C#l0vL7,Venezuela
Nelle,nrennebach7h@miibeian.gov.cn,+595 264 499 7030,270,Rennebach,uY6/tK\hN(R,Paraguay
Nehemiah,nwellwood7i@bbb.org,+86 909 829 7314,271,Wellwood,nX9|prDj{~?q{`V!,China
Dion,dmushet7j@godaddy.com,+237 632 803 9639,272,Mushet,zX6|y9E3$r'z$,Cameroon
Huey,hdevonald7k@hud.gov,+593 333 589 2334,273,Devonald,"lH3=a=&%/FOBy,'d",Ecuador
Ker,kpettersen7l@ifeng.com,+46 239 973 5958,274,Pettersen,"eY5$>,\CphFV*X",Sweden
Benito,bguiet7m@weibo.com,+507 559 642 7692,275,Guiet,rJ3`jPk9pG2sE&n,Panama
Vera,vviccars7n@archive.org,+372 773 355 3719,276,Viccars,"mQ1+|utVg""",Estonia
Quinn,qtofts7o@whitehouse.gov,+86 277 849 7947,277,Tofts,bP4@<G!WgPm~.F,China
Harriette,hgot7p@clickbank.net,+48 512 936 0607,278,Got,"bM7$iPD6G0""#g{Wi",Poland
Sephira,sclawsley7q@soup.io,+54 132 452 5100,279,Clawsley,pO2\DLJ}W,Argentina
Gael,ghavick7r@goo.ne.jp,+355 765 251 5337,280,Havick,"jU2,{\9wsVb""nmeC",Albania
Lanie,llord7s@hao123.com,+375 647 841 3312,281,Lord,"lG0+8e,&T@o",Belarus
Clark,charral7t@skyrock.com,+47 176 550 4281,282,Harral,rI2<v9Mj`Io'n,Norway
Shayla,sjohnsson7u@prweb.com,+86 441 299 8182,283,Johnsson,sM8}6WtCdHX,China
Abbi,atym7v@newyorker.com,+82 247 320 4733,284,Tym,fM1>6o'uk,South Korea
Mattie,mdowber7w@deviantart.com,+593 199 355 6970,285,Dowber,oM3)Q30s=X#1,Ecuador
Berkeley,bgreenhalgh7x@sphinn.com,+62 188 734 5866,286,Greenhalgh,"bB9,|{D@y$5Ri7=!",Indonesia
Lucilia,lromao7y@economist.com,+355 666 244 6185,287,Romao,kE6=X!5DMi3zJFv&,Albania
Rivy,rlouthe7z@canalblog.com,+62 256 462 6169,288,Louthe,fA6)+Qm(_&,Indonesia
Gweneth,glilloe80@multiply.com,+81 745 200 3042,289,Lilloe,"xG8%_$nNh,/DqMp`",Japan
Lucio,lbrodest81@google.fr,+48 596 985 6515,290,Brodest,iF6_>`_(yrnKM@,Poland
Bernardine,bhawyes82@xing.com,+62 327 301 7184,291,Hawyes,"hC1#,rEmcXQ!Z|",Indonesia
Larine,lfogarty83@miitbeian.gov.cn,+51 712 802 3169,292,Fogarty,sE6)H1l&,Peru
Benedict,bharmes84@alibaba.com,+62 537 495 0793,293,Harmes,nS5&Xs~Kgb_hm~,Indonesia
Maryellen,mwhittle85@ocn.ne.jp,+591 308 633 6046,294,Whittle,fP4/Kqsn<8.BQ,Bolivia
Heidie,hstubbings86@japanpost.jp,+7 830 773 9905,295,Stubbings,nB0=kT@e*{'9x,Russia
William,wbarraclough87@bravesites.com,+232 174 552 5985,296,Barraclough,oT5/y5n)D1,Sierra Leone
Rowen,rluxton88@lycos.com,+86 793 284 0692,297,Luxton,cQ1_<AiUj5J*,China
Smitty,slupton89@pinterest.com,+34 614 885 9855,298,Lupton,vK8_?9s%Ip(AjZ8,Spain
Blaire,bwhistan8a@nba.com,+62 989 227 2039,299,Whistan,"eB8(S42+""0>lPq",Indonesia
Eudora,ebrinson8b@ibm.com,+66 857 711 6075,300,Brinson,jA1|6gQGCMh,Thailand
Mayor,mmeininger8c@mysql.com,+62 325 115 4898,301,Meininger,lT6|ald_rh$NY8mM,Indonesia
Madelyn,mtimbs8d@symantec.com,+57 162 543 6508,302,Timbs,yJ7!236ey,Colombia
Brandy,bcolbourn8e@godaddy.com,+63 791 960 5484,303,Colbourn,wN5/N'GUFZ,Philippines
Lane,lglenfield8f@mashable.com,+7 332 558 0163,304,Glenfield,"eB1,z)6A",Russia
Merle,mgueste8g@webeden.co.uk,+62 515 911 9321,305,Gueste,xC5_DVAv0@!I+c6,Indonesia
Kelwin,kthatcher8h@wsj.com,+62 673 114 4119,306,Thatcher,tO9<WZhUs,Indonesia
Nissy,nmcveighty8i@cpanel.net,+351 770 945 4709,307,McVeighty,iO4$<uo&nNoS=d`!,Portugal
Lon,lbusswell8j@elpais.com,+55 962 435 0778,308,Busswell,sA3)Ie6LA=M4,Brazil
Alon,atompion8k@cafepress.com,+7 702 422 7487,309,Tompion,tV3@%ZR@!hw%2,Russia
Norma,nempringham8l@creativecommons.org,+380 334 883 0391,310,Empringham,tY0\Yd?gYPotU,Ukraine
Keven,kwitchard8m@pinterest.com,+504 645 769 2822,311,Witchard,wE0>Ge22,Honduras
Nadia,nnaton8n@sphinn.com,+48 690 290 2566,312,Naton,vP9+dtKM_T?cxRP,Poland
Felicio,fpitcher8o@usatoday.com,+420 870 932 1841,313,Pitcher,xP5!Za5?B,Czech Republic
Ellyn,ewogan8p@live.com,+351 690 621 0558,314,Wogan,sE9'I13C@AF1/wSg,Portugal
Carree,cwaterfall8q@goo.gl,+57 937 787 6598,315,Waterfall,aX6>q9Tw,Colombia
Rutledge,rfolger8r@columbia.edu,+1 561 648 9537,316,Folger,wP9(EN9ey*kJfCM,United States
Randy,rbirkin8s@noaa.gov,+7 990 873 1347,317,Birkin,dP2+0_71d,Russia
Norry,nlarrett8t@php.net,+52 742 600 1469,318,Larrett,eM6\eJN#Wm|3=,Mexico
Daryl,drisebrow8u@gizmodo.com,+502 253 273 1077,319,Risebrow,mH6>9EbO5J,Guatemala
Kristine,khurrion8v@cpanel.net,+86 498 686 9250,320,Hurrion,lL5>95ux8Y<m@IV,China
Alaric,apilmore8w@canalblog.com,+62 277 960 3955,321,Pilmore,jK9.hQ&p,Indonesia
Milli,mpentecust8x@chron.com,+55 284 741 8458,322,Pentecust,"oS1,=+|,Mp7,",Brazil
Danni,dpeschmann8y@amazon.co.jp,+385 847 693 0435,323,Peschmann,pF6~}lIMR`,Croatia
Tabb,twoodman8z@linkedin.com,+62 422 984 5135,324,Woodman,"bQ5@>&ex7!NI""",Indonesia
Christin,ctalboy90@deliciousdays.com,+63 800 688 0004,325,Talboy,iO0#2GgIgxl|0Kb|,Philippines
Conchita,cquarterman91@shareasale.com,+48 104 775 4762,326,Quarterman,pW4)+oj*W*SzA,Poland
Karmen,kmougenel92@jimdo.com,+33 656 970 8596,327,Mougenel,qT1(QbEbk~,France
Rodrick,rjaxon93@moonfruit.com,+976 787 740 2433,328,Jaxon,"wE0%D'$""J'#q<",Mongolia
Obadias,omacbane94@infoseek.co.jp,+591 933 160 3798,329,Macbane,"nE2"",t=0aPc.",Bolivia
Aguste,aderham95@wix.com,+86 520 654 0781,330,Derham,qN6|qeT4cl8?*},China
Yetta,yaudrey96@tamu.edu,+1 202 238 5620,331,Audrey,fD7<PoA~JH,United States
Anett,arelfe97@live.com,+7 718 821 6731,332,Relfe,nL0'+t{9N8K?`sN,Russia
Chere,cpurbrick98@jalbum.net,+86 639 751 8256,333,Purbrick,nP9|OaVL@8,China
Valentino,vkabsch99@google.com,+49 912 317 2130,334,Kabsch,nY0/2zM.rJJAt,Germany
Lazaro,lmixon9a@cdc.gov,+7 497 106 5148,335,Mixon,mS4&|PK+RjnP5I,Russia
Marge,mmuckian9b@storify.com,+353 677 564 2713,336,Muckian,dC9'ocv7&gO30*r,Ireland
Melania,mheaysman9c@si.edu,+81 441 447 0906,337,Heaysman,"uF2<%B""(ph)u2DI",Japan
Joli,jgreggs9d@cocolog-nifty.com,+7 442 995 4561,338,Greggs,dK9<j~`HzZ$ob&7Q,Russia
Flory,ftuckwell9e@privacy.gov.au,+51 504 309 1756,339,Tuckwell,uW6<}Gd6{(Emom8k,Peru
Willamina,wpaprotny9f@thetimes.co.uk,+7 409 258 8504,340,Paprotny,jD0{uU=e6X,Russia
Kerry,kclineck9g@google.pl,+1 850 306 4028,341,Clineck,xE6`Z\pz,Canada
Buiron,bgerring9h@usa.gov,+351 421 850 4498,342,Gerring,eH0+\1e'0(mm,Portugal
Charlotta,cpendry9i@booking.com,+420 351 545 9893,343,Pendry,"nL1~l&WL_*,)c`",Czech Republic
Aurelia,akochs9j@time.com,+62 214 631 1588,344,Kochs,dC5(td>/|Qr.R,Indonesia
Herold,hbeccera9k@webs.com,+55 754 598 4438,345,Beccera,kY6)}7Zp\K29$fO,Brazil
Kelsi,kpetyakov9l@alibaba.com,+241 333 374 4461,346,Petyakov,iK7!%X1CU.},Gabon
Davide,dchallace9m@dyndns.org,+30 488 699 3538,347,Challace,wN7(Ak6jY4*W',Greece
Oliy,obarrowcliffe9n@fema.gov,+33 254 369 3172,348,Barrowcliffe,eS4.Y~uo@PgCo,France
Ricard,racey9o@google.com,+62 676 365 4266,349,Acey,jT5>(e?uy2b,Indonesia
Mirabella,mheinert9p@bizjournals.com,+994 398 892 8481,350,Heinert,"gT3""*jP}F|W",Azerbaijan
Dov,dduddy9q@google.ru,+62 118 332 6047,351,Duddy,kV7>k.DwG0,Indonesia
Faythe,fantonescu9r@nytimes.com,+1 501 700 7972,352,Antonescu,"iQ3~XL1QF7""V5m",United States
Renado,rquidenham9s@dailymotion.com,+51 758 351 0673,353,Quidenham,tS1.fH1&8=,Peru
Athena,apegden9t@wordpress.com,+33 516 555 6280,354,Pegden,cG9/z6#PWxqMRo,France
Any,ahaggus9u@sun.com,+591 727 973 5877,355,Haggus,vU3=WT_Sz,Bolivia
Issie,isperrett9v@over-blog.com,+351 371 438 7930,356,Sperrett,dK3%+l?W/6/e,Portugal
Corilla,chaverson9w@macromedia.com,+86 556 345 8819,357,Haverson,cK9.?M01m,China
Danice,dconers9x@chron.com,+386 164 596 5531,358,Coners,"oU5,Hco1$`='089$",Slovenia
Yvonne,ycurnick9y@mapquest.com,+47 116 801 4853,359,Curnick,wZ8`~++qjM,Norway
Mallissa,mfeare9z@devhub.com,+7 217 886 0908,360,Feare,hZ0'>&{m{H/g,Russia
Jessamine,jborsia0@cmu.edu,+261 651 990 9164,361,Borsi,iY3)Y=v.Q_sA,Madagascar
Wash,wbedlea1@fastcompany.com,+507 979 800 6673,362,Bedle,fU2*5OYKtJVSQ_gN,Panama
Ryun,rgordongilesa2@msu.edu,+62 201 462 8749,363,Gordon-Giles,qC0_YPDYW+`P,Indonesia
Carlynn,cwickersona3@indiatimes.com,+86 442 948 5337,364,Wickerson,mD5'A<Xi.19C=,China
Bran,bbrainea4@histats.com,+62 274 149 3504,365,Braine,"lS4,'5HzcG",Indonesia
Foss,fizakovitza5@blog.com,+86 726 225 3750,366,Izakovitz,"kJ7#ZeXAos1""b""",China
Maye,mlifea6@ameblo.jp,+86 636 862 4694,367,Life,xR3<+io!J,China
Quinlan,qdufairea7@opera.com,+420 549 674 3445,368,Dufaire,rV8*Hwq0,Czech Republic
Alva,abrydella8@g.co,+63 770 655 3920,369,Brydell,kX7!D9XJML3i,Philippines
Marysa,mgunsona9@mtv.com,+62 939 593 6665,370,Gunson,"aT6,6F`4",Indonesia
Silas,sdilliwayaa@globo.com,+1 732 294 7586,371,Dilliway,zE1_Cfwr~kQo&,United States
Geri,gizardab@accuweather.com,+62 692 603 2190,372,Izard,pE5}I57ZjoYCFeT,Indonesia
Vance,vdurkerac@alexa.com,+92 309 745 8723,373,Durker,aH8&MCb&}p@w~.<j,Pakistan
Minta,mglydead@nifty.com,+351 538 321 9177,374,Glyde,"jF0<\PQK""6p(&r",Portugal
Kermit,kpinwellae@loc.gov,+62 944 884 0039,375,Pinwell,dK7.G|q(UX1+3,Indonesia
Reidar,rgascaraf@cdc.gov,+86 830 777 3559,376,Gascar,eQ6}D\QM+8{3*J|i,China
Saunder,sclaveringag@uiuc.edu,+256 609 225 1180,377,Clavering,"dC6""_.{ii",Uganda
Stacee,sdymentah@baidu.com,+51 754 829 3849,378,Dyment,uE2%twc%Cesk%qM,Peru
Natalina,ncurlingai@shareasale.com,+63 655 600 3402,379,Curling,rE0)zr~TFC(16Ytn,Philippines
Briant,bdumberellaj@gnu.org,+55 647 296 0154,380,Dumberell,"vC1,`88Z`)ztM8*n",Brazil
Garvey,gurlingak@salon.com,+34 334 220 6107,381,Urling,"xE7\P)j,.(",Spain
Wildon,wstoppsal@reuters.com,+86 953 537 1551,382,Stopps,"pT4""(yD(",China
Dniren,dmarciskewskiam@bigcartel.com,+63 753 644 9229,383,Marciskewski,aC8#v)d|Y&,Philippines
Sibley,skroppan@infoseek.co.jp,+86 204 444 5863,384,Kropp,"mL8,|cgeu""~I($!",China
Steven,slivingstoneao@list-manage.com,+994 168 961 6836,385,Livingstone,pR6'eBnM`a=6MxO,Azerbaijan
Kalina,kgookeyap@rediff.com,+977 995 822 0148,386,Gookey,uE8~Kq6r,Nepal
Frankie,fbillieaq@squarespace.com,+86 567 531 3648,387,Billie,kE8?e9Y\N,China
Lucretia,lmuntonar@noaa.gov,+86 707 822 2383,388,Munton,aJ9`jc\Ll7q,China
Garret,gcuardallas@taobao.com,+86 395 674 1417,389,Cuardall,gY0`7sF6q,China
Clarance,clettleyat@photobucket.com,+351 413 223 6979,390,Lettley,tX3?nNkFA!K.0m,Portugal
Charlotta,cschubuserau@state.gov,+256 744 821 6398,391,Schubuser,lG1|ezr$v$)3Bztn,Uganda
Euell,emyrtleav@noaa.gov,+84 850 463 1627,392,Myrtle,"rF7,6aw=I",Vietnam
Ardeen,ametherellaw@umn.edu,+386 771 997 7255,393,Metherell,"zR4.+""cnnZxru",Slovenia
Correy,cschimonax@barnesandnoble.com,+86 333 169 9546,394,Schimon,tS7+pFT/K~A&K*,China
Marie,mmorrishay@jiathis.com,+62 295 600 0644,395,Morrish,xP2*YN2))`eMC,Indonesia
Hewie,hshepperdaz@samsung.com,+55 512 636 1252,396,Shepperd,"dX9(,RFfq'`,>v",Brazil
Herrick,hgullifantb0@google.ca,+86 563 477 7661,397,Gullifant,iA6(ww|KE)%%%0,China
Hollie,hdraycottb1@phpbb.com,+1 517 951 4669,398,Draycott,"oN8.,YR&GrdU2Xg",United States
Tammie,tstrutzb2@feedburner.com,+7 634 144 7334,399,Strutz,rL3%jRPg@ALaI,Russia
Sam,smacinnesb3@smugmug.com,+46 299 915 5990,400,MacInnes,pV4_zao+CJj.XT>,Sweden
Rayshell,rwolteringb4@woothemes.com,+82 528 726 4386,401,Woltering,"rT4'JD&f,mR*N?4",South Korea
Freida,fspadottob5@ebay.com,+261 528 401 5814,402,Spadotto,rP7%T`g>3~7y|8,Madagascar
Ruddy,rbladenb6@qq.com,+506 529 291 9847,403,Bladen,uY4/3nfF|,Costa Rica
Lemmy,ljoanaudb7@github.io,+1 419 404 0425,404,Joanaud,iE7}7FKuj|q,United States
Earle,egrixb8@nydailynews.com,+81 819 708 4972,405,Grix,jD7!iOlKY{gnj.D,Japan
Thane,thubbleb9@yandex.ru,+57 441 670 7051,406,Hubble,"kJ2<Rxwx.vCc/eK""",Colombia
Alvira,acookneyba@hc360.com,+86 595 853 4245,407,Cookney,"jF4\>8,WS~NrY5",China
Kalinda,kshaxbybb@kickstarter.com,+86 191 331 6732,408,Shaxby,"qR4%m""%UQlt",China
Yalonda,ydoylandbc@e-recht24.de,+62 415 445 9695,409,Doyland,cV4%Qr>M,Indonesia
Ellene,emessambd@dagondesign.com,+30 652 366 4475,410,Messam,"pA1?)N,BesF_Y)?k",Greece
Nikoletta,nmayoralbe@census.gov,+86 879 316 7268,411,Mayoral,qV0}qvS$@}{!8V,China
Genvieve,gdecreuzebf@indiatimes.com,+86 776 433 0358,412,Decreuze,uV0{J+whDc,China
Ramonda,rlissandribg@nasa.gov,+46 104 705 3731,413,Lissandri,fA4_O#`|e5,Sweden
Denny,dpoulstonbh@list-manage.com,+27 357 740 0093,414,Poulston,qW9{t<tMAc0P,South Africa
Bobby,bpiattobi@bing.com,+86 446 158 2205,415,Piatto,sJ5/jK/qr$,China
Yoshiko,yedmondsonbj@usgs.gov,+86 490 998 1115,416,Edmondson,xO1%>w|86j6wXL,China
Kennan,kcapnerbk@time.com,+62 939 851 5486,417,Capner,iX9(B.OG.50!Ld,Indonesia
Lelah,llinnockbl@si.edu,+86 601 912 4669,418,Linnock,"qT4#""|y#",China
Yoko,youghtrightbm@themeforest.net,+7 162 561 9317,419,Oughtright,bX2@rzFp7O,Russia
Verne,vsycebn@oaic.gov.au,+62 349 115 0783,420,Syce,eC4.347VeCV{6,Indonesia
Vidovic,vjerromesbo@sohu.com,+212 158 231 2554,421,Jerromes,pR5>Y}CL~1CbT,Morocco
Maxy,mkesbybp@eepurl.com,+258 838 378 2382,422,Kesby,iL1`Y7dnR,Mozambique
Rahel,ralabastarbq@weather.com,+998 154 158 0786,423,Alabastar,oB9*5ZGnt)z,Uzbekistan
Mareah,mbattybr@over-blog.com,+86 864 797 8876,424,Batty,jQ7`#{P=`LTn\,China
Addie,awastellbs@cyberchimps.com,+46 224 893 2989,425,Wastell,cD8}P$b#,Sweden
Kristian,kalabonebt@bigcartel.com,+93 489 775 8081,426,Alabone,"hP3)HcHLTB""!Kr",Afghanistan
Faunie,fradleybu@prlog.org,+62 277 349 7121,427,Radley,fU0}y4wg,Indonesia
Chrissy,ckinahanbv@fastcompany.com,+86 722 399 4723,428,Kinahan,mV4'`@{c+K_V,China
Arlen,afishbybw@sun.com,+98 665 238 7523,429,Fishby,rW6{=K>m&,Iran
Gilberta,gridehalghbx@scribd.com,+234 765 479 0184,430,Ridehalgh,kO6{Df?v1#18@lnw,Nigeria
Tymon,tsherreardby@google.ru,+855 224 780 1692,431,Sherreard,zP1*IV?u@egTb@I,Cambodia
Buiron,bcorballisbz@scribd.com,+81 338 414 0891,432,Corballis,"yV5=8Oy`1""<ZLw",Japan
Sacha,sturneyc0@sphinn.com,+7 470 237 8806,433,Turney,"fO6}hlVfWtX`""8,!",Russia
Vivienne,vsuermeierc1@webeden.co.uk,+86 753 111 0976,434,Suermeier,zT7>ae4HHI#Z,China
Hieronymus,hpersentc2@bravesites.com,+86 500 742 0009,435,Persent,"fV2,}f""P",China
Rosalinda,rrubbertc3@jigsy.com,+98 750 167 1038,436,Rubbert,"oK4{,00E|Eho",Iran
Suzie,ssibthorpc4@hibu.com,+420 639 398 4491,437,Sibthorp,zW6&*zHGrYzO?A!v,Czech Republic
Randell,rmunningsc5@un.org,+351 841 943 8369,438,Munnings,pE6/EwSKPy>,Portugal
Raymond,rduplanc6@archive.org,+1 763 569 1320,439,Duplan,iL2`E|fB1/T,United States
Kaleb,kshatliffc7@jalbum.net,+86 288 882 5575,440,Shatliff,hB1$)N6J2|kMhl,China
Oren,oriolfic8@hao123.com,+595 529 753 1492,441,Riolfi,sG7@@wRH,Paraguay
Myra,mslevinc9@msn.com,+7 216 435 2799,442,Slevin,"hA7,veA0%&\c4)0",Russia
Warde,wtzukerca@nsw.gov.au,+86 411 987 0215,443,Tzuker,"rI2*Hh""2}2",China
Holly,hbroomfieldcb@google.com.au,+81 498 276 9510,444,Broomfield,"gC8|qezT""i@@""rJ1",Japan
Kirk,kborsicc@fotki.com,+98 682 164 9126,445,Borsi,nG1|p!./QTO,Iran
Sidonia,sbuttreycd@arstechnica.com,+86 647 460 8919,446,Buttrey,zB0/4r|+yefn|#,China
Silvano,sstrethillce@timesonline.co.uk,+86 411 786 5107,447,Strethill,xY6`9A&`cvudX,China
Edouard,egilardonicf@arizona.edu,+51 497 327 9105,448,Gilardoni,nN0*WXrEq%2jN_,Peru
Dasha,dselcraigcg@sun.com,+86 269 431 6209,449,Selcraig,pD1!h>!1yW+|,China
Alejoa,acramerch@pcworld.com,+355 827 137 5166,450,Cramer,uJ7)7*l.kZjoD&,Albania
Frannie,fstraughanci@reference.com,+52 755 237 5994,451,Straughan,wP6{}&|l(,Mexico
Annette,aoggcj@techcrunch.com,+95 279 994 7519,452,Ogg,bH9.%AwW7%<T$HW!,Myanmar
Elva,epoundfordck@answers.com,+212 574 701 5880,453,Poundford,"iE6&""iPeEz",Morocco
Maribel,mhigounetcl@plala.or.jp,+7 865 536 7001,454,Higounet,tS4)O5jQ(G,Russia
Eddie,evestycm@squarespace.com,+86 848 365 4238,455,Vesty,eY4#%E(@ZK,China
Merrily,mtampencn@wikipedia.org,+509 504 711 0394,456,Tampen,zZ3\$eW@)c0.,Haiti
Silvia,sforsardco@economist.com,+355 108 669 2206,457,Forsard,iZ2~wrgz,Albania
Wilmette,wclubbecp@senate.gov,+62 907 918 4633,458,Clubbe,lQ6*}/w|,Indonesia
Charlotte,crumenscq@dedecms.com,+63 546 823 1117,459,Rumens,gS3)c*1%>cBbS,Philippines
Sollie,srosendorfcr@bbb.org,+1 412 650 7856,460,Rosendorf,"uD7,t4FtLw",United States
Darcey,dhurlercs@google.cn,+509 332 813 4252,461,Hurler,lZ6#4kQ`E,Haiti
Loreen,lbirchallct@1und1.de,+358 737 851 5836,462,Birchall,"iA9|?6272G,D=MW",Finland
Giraud,gninehamcu@linkedin.com,+63 869 667 3125,463,Nineham,xC1.IQhWy'2LK`A$,Philippines
Knox,ksteutlycv@pinterest.com,+66 338 694 0263,464,Steutly,zE6.1v\u>%!vb,Thailand
Early,eramelotcw@chicagotribune.com,+62 577 493 0269,465,Ramelot,nR2@j5k|os1=_$?$,Indonesia
Cordelie,cklosercx@goo.gl,+31 295 319 5064,466,Kloser,sI4<qt\}V,Netherlands
Melisa,mguillotcy@csmonitor.com,+375 463 746 3332,467,Guillot,rO1.u4Pe,Belarus
Mariele,mhiomcz@arstechnica.com,+241 497 424 4591,468,Hiom,oK2!7|OAk,Gabon
Katlin,kcomod0@cyberchimps.com,+86 887 193 2633,469,Como,"gB8>1g}t3l,DB7i",China
Caron,csiddled1@china.com.cn,+358 321 481 6373,470,Siddle,qI0`kS2b,Finland
Silvan,schrstined2@huffingtonpost.com,+234 679 236 2724,471,Chrstine,dX3|7'2QC1>`,Nigeria
Merl,mtuffieldd3@tripadvisor.com,+420 611 821 2573,472,Tuffield,uJ7!se)*p,Czech Republic
Norina,nbernadzkid4@comcast.net,+355 684 345 5139,473,Bernadzki,vW9)pkwe,Albania
Harmon,hfleischd5@ibm.com,+33 945 600 3449,474,Fleisch,"kQ9\$,ZcK",France
Darcy,dferraracciod6@businessinsider.com,+62 161 639 9761,475,Ferraraccio,lA5#6#a.b2qpO5f,Indonesia
Margarita,mphillpsd7@theglobeandmail.com,+86 758 756 6073,476,Phillps,rV5/5gXC<,China
Hally,hguilletond8@etsy.com,+595 646 216 2527,477,Guilleton,"qC0""$!|T21Ni5X",Paraguay
Saleem,sbacked9@ft.com,+86 780 762 3108,478,Backe,nM2|*mw`,China
Brodie,bdightonda@theatlantic.com,+62 925 407 7912,479,Dighton,aV0.$Y#J`0p~,Indonesia
Lindi,lpeppettdb@bloglines.com,+86 357 772 7867,480,Peppett,gO8.q/{q,China
Melita,mganniclifftdc@booking.com,+996 940 419 7941,481,Ganniclifft,iW8_sTrI9,Kyrgyzstan
Marissa,mingsdd@youtube.com,+86 471 639 2469,482,Ings,"gF8>,gRa(Y",China
Grove,gwraightede@wikia.com,+62 880 319 4124,483,Wraighte,qD3(_P&9@&I44eAt,Indonesia
Loralee,lfazackerleydf@narod.ru,+507 796 146 0017,484,Fazackerley,"kP0""dpOc*4lQj",Panama
Florenza,fhancilldg@bloglovin.com,+7 940 180 5586,485,Hancill,sU8=n'Wt@Z@+,Russia
Coretta,cbahlsdh@microsoft.com,+86 112 176 3780,486,Bahls,uR9``%eY_~Tu,China
Aleda,astrittondi@boston.com,+81 804 672 2280,487,Stritton,xU5~9<8*L_`PC,Japan
Hermione,htacondj@myspace.com,+355 481 850 5215,488,Tacon,gW0?1gynY,Albania
Tracie,tpinckeddk@discovery.com,+380 707 928 1948,489,Pincked,dC7!J#Svk,Ukraine
Nolana,nmclenaghandl@123-reg.co.uk,+48 710 778 8164,490,McLenaghan,"qN7~""aOE)12ab",Poland
Milty,mskeendm@goodreads.com,+86 794 724 4940,491,Skeen,jM1&>{}%d7@A1}W@,China
Winifield,waneleydn@about.me,+55 493 687 3217,492,Aneley,"vS2>}Re""se&40",Brazil
Euphemia,eoverpooldo@unicef.org,+373 370 606 3110,493,Overpool,pO5`.E}|.h,Moldova
Gabriele,gcleevesdp@gnu.org,+7 224 325 9109,494,Cleeves,"bV6@h,mlWfZ+?J",Russia
Anet,aparfreydq@vistaprint.com,+36 748 349 3659,495,Parfrey,tG4\PD#S!?0_A,Hungary
Giuseppe,gmesserdr@list-manage.com,+84 805 676 0673,496,Messer,uF4'1M!\j4.jD,Vietnam
Dori,dclubleyds@sciencedaily.com,+55 558 389 0164,497,Clubley,wQ9*@|=z),Brazil
Godiva,gradsdaledt@ehow.com,+62 320 423 4518,498,Radsdale,qF6_{c8Ijz,Indonesia
Lannie,lashenhurstdu@mayoclinic.com,+7 940 219 5096,499,Ashenhurst,aP6{*tzO1}D0),Russia
Calli,cderyebarrettdv@salon.com,+423 688 711 0873,500,Derye-Barrett,"eF8+t}o$,KA/948F",Liechtenstein
